{"iteration":1000,"_timestamp":1.7617931589860463e+09,"_step":53,"train/loss":2.815303325653076,"val/loss":2.8240809440612793,"val/perplexity":16.845457077026367,"_wandb":{"runtime":152},"_runtime":152}