{"_wandb":{"runtime":4344},"_runtime":4344,"train/loss":1.5351991653442383,"iteration":29980,"_timestamp":1.7617979929665089e+09,"_step":1559,"val/loss":1.514270544052124,"val/perplexity":4.546103477478027}